{
    "nodeColors": {
      "Daira": "#FF5733",
      "Commune": "#33FF57",
      "Wilaya": "#3357FF",
      "Unite": "#FF33A1",
      "Affaire": "#D20103",
      "Virtuel": "#B38F94",
      "Phone": "#E9C843",
      "Personne": "#33AEE8",
      "default": "#CCCCCC"
    },
    "nodeIcons": {
      "Daira": "/icon/daira.png",
      "Commune": "/icon/commune.png",
      "Wilaya": "/icon/wilaya.png",
      "Unite": "/icon/unite.png",
      "Affaire": "/icon/affaire.png",
      "Virtuel": "/icon/virtuel.png",
      "Phone": "/icon/phone.png",
      "Personne": "/icon/personne.png",
      "default": "/icon/default.png"
    },
    "labelManager": {
      "Daira": "nom_arabe",
      "Commune": "nom_arabe",
      "Wilaya": "nom_arabe",
      "Unite": "nom_arabe",
      "Affaire": "Number",
      "Virtuel": "ID",
      "Phone": "operateur",
      "Personne": "{اللقب} {الاسم}",
      "default": "Unknown Type"
    }
  }